real_time,timestamp_s,seq,rel_pitch_deg,rel_roll_deg
12:55:12.793,2562.9451,127806,-0.059,0.068
12:55:12.799,2562.9651,127807,-0.135,0.098
12:55:12.799,2562.9851,127808,0.055,0.246
12:55:12.799,2563.0051,127809,0.205,0.397
12:55:12.832,2563.0251,127810,0.303,0.492
12:55:12.832,2563.0451,127811,0.266,0.461
12:55:12.832,2563.0651,127812,0.225,0.405
12:55:12.843,2563.0851,127813,0.098,0.429
12:55:12.859,2563.1051,127814,-0.07,0.43
12:55:12.859,2563.1251,127815,-0.104,0.426
12:55:12.875,2563.1451,127816,-0.173,0.455
12:55:12.918,2563.1651,127817,-0.097,0.55
12:55:12.934,2563.1851,127818,0.013,0.703
12:55:12.950,2563.2051,127819,-0.058,0.751
12:55:12.966,2563.2251,127820,-0.111,0.793
12:55:12.982,2563.2451,127821,0.013,0.864
12:55:13.039,2563.2651,127822,-0.057,0.854
12:55:13.072,2563.2851,127823,0.094,0.885
12:55:13.072,2563.3051,127824,0.129,0.877
12:55:13.072,2563.3251,127825,0.037,0.905
12:55:13.072,2563.3451,127826,0.11,1.0
12:55:13.099,2563.3651,127827,0.146,1.029
12:55:13.116,2563.3851,127828,0.09,1.12
12:55:13.142,2563.4051,127829,-0.03,1.18
12:55:13.158,2563.4251,127830,0.017,1.322
12:55:13.206,2563.4451,127831,-0.032,1.478
12:55:13.237,2563.4651,127832,-0.196,1.567
12:55:13.237,2563.4851,127833,-0.097,1.69
12:55:13.237,2563.5051,127834,-0.223,1.727
12:55:13.327,2563.5251,127835,-0.246,1.838
12:55:13.385,2563.5451,127836,-0.332,1.875
12:55:13.385,2563.5651,127837,-0.202,1.983
12:55:13.401,2563.5851,127838,-0.327,2.03
12:55:13.401,2563.6051,127839,-0.199,2.038
12:55:13.401,2563.6251,127840,-0.236,1.996
12:55:13.406,2563.6451,127841,-0.241,1.953
12:55:13.406,2563.6651,127842,-0.369,2.016
12:55:13.428,2563.6851,127843,-0.293,2.084
12:55:13.443,2563.7051,127844,-0.422,2.098
12:55:13.475,2563.7251,127845,-0.332,2.179
12:55:13.581,2563.7451,127846,-0.299,2.194
12:55:13.581,2563.7651,127847,-0.438,2.239
12:55:13.581,2563.7851,127848,-0.356,2.245
12:55:13.587,2563.8051,127849,-0.488,2.212
12:55:13.587,2563.8251,127850,-0.459,2.258
12:55:13.587,2563.8451,127851,-0.621,2.293
12:55:13.624,2563.8651,127852,-0.586,2.368
12:55:13.630,2563.8851,127853,-0.656,2.337
12:55:13.683,2563.9051,127854,-0.776,2.322
12:55:13.699,2563.9251,127855,-0.711,2.436
12:55:13.699,2563.9451,127856,-0.616,2.534
12:55:13.705,2563.9651,127857,-0.542,2.514
12:55:13.742,2563.9851,127858,-0.495,2.498
12:55:13.775,2564.0051,127859,-0.433,2.602
12:55:13.775,2564.0251,127860,-0.358,2.645
12:55:13.780,2564.0451,127861,-0.363,2.62
12:55:13.822,2564.0651,127862,-0.279,2.577
12:55:13.822,2564.0851,127863,-0.114,2.554
12:55:13.881,2564.1051,127864,-0.184,2.664
12:55:13.882,2564.1251,127865,-0.211,2.788
12:55:13.882,2564.1451,127866,-0.169,2.807
12:55:13.898,2564.1651,127867,-0.066,2.858
12:55:13.925,2564.1851,127868,-0.225,2.918
12:55:13.941,2564.2051,127869,-0.186,3.037
12:55:13.983,2564.2251,127870,-0.171,3.08
12:55:13.989,2564.2451,127871,-0.291,3.157
12:55:14.000,2564.2651,127872,-0.485,3.201
12:55:14.059,2564.2851,127873,-0.663,3.26
12:55:14.091,2564.3051,127874,-0.624,3.331
12:55:14.150,2564.3251,127875,-0.51,3.365
12:55:14.150,2564.3451,127876,-0.664,3.471
12:55:14.155,2564.3651,127877,-0.78,3.546
12:55:14.166,2564.3851,127878,-0.637,3.639
12:55:14.171,2564.4051,127879,-0.691,3.748
12:55:14.177,2564.4251,127880,-0.737,3.772
12:55:14.182,2564.4451,127881,-0.722,3.761
12:55:14.225,2564.4651,127882,-0.708,3.833
12:55:14.225,2564.4851,127883,-0.606,3.777
12:55:14.241,2564.5051,127884,-0.588,3.809
12:55:14.332,2564.5251,127885,-0.657,3.834
12:55:14.390,2564.5451,127886,-0.634,3.8
12:55:14.395,2564.5651,127887,-0.496,3.82
12:55:14.406,2564.5851,127888,-0.37,3.849
12:55:14.406,2564.6051,127889,-0.489,3.878
12:55:14.406,2564.6251,127890,-0.588,3.899
12:55:14.412,2564.6451,127891,-0.524,3.991
12:55:14.412,2564.6651,127892,-0.52,4.0
12:55:14.412,2564.6851,127893,-0.607,4.085
12:55:14.496,2564.7051,127894,-0.534,4.181
12:55:14.496,2564.7251,127895,-0.472,4.3
12:55:14.496,2564.7451,127896,-0.576,4.322
12:55:14.512,2564.7651,127897,-0.694,4.399
12:55:14.571,2564.7851,127898,-0.604,4.43
12:55:14.571,2564.8051,127899,-0.557,4.476
12:55:14.577,2564.8251,127900,-0.675,4.552
12:55:14.577,2564.8451,127901,-0.776,4.582
12:55:14.598,2564.8651,127902,-0.648,4.62
12:55:14.614,2564.8851,127903,-0.73,4.671
12:55:14.646,2564.9051,127904,-0.752,4.755
12:55:14.689,2564.9251,127905,-0.8,4.76
12:55:14.689,2564.9451,127906,-0.702,4.843
12:55:14.695,2564.9651,127907,-0.622,4.943
12:55:14.722,2564.9851,127908,-0.636,4.994
12:55:14.737,2565.0051,127909,-0.489,5.055
12:55:14.769,2565.0251,127910,-0.385,5.207
12:55:14.813,2565.0451,127911,-0.238,5.363
12:55:14.813,2565.0651,127912,-0.232,5.503
12:55:14.813,2565.0851,127913,-0.123,5.741
12:55:14.840,2565.1051,127914,0.059,6.122
12:55:14.871,2565.1251,127915,0.312,6.536
12:55:14.929,2565.1451,127916,0.704,6.864
12:55:14.929,2565.1651,127917,0.857,7.019
12:55:14.935,2565.1851,127918,0.87,7.076
12:55:14.935,2565.2051,127919,1.052,7.194
12:55:14.961,2565.2251,127920,1.221,7.382
12:55:14.972,2565.2451,127921,1.174,7.422
12:55:15.047,2565.2651,127922,1.139,7.413
12:55:15.053,2565.2851,127923,1.102,7.385
12:55:15.053,2565.3051,127924,1.084,7.355
12:55:15.053,2565.3251,127925,1.018,7.361
12:55:15.080,2565.3451,127926,1.13,7.45
12:55:15.112,2565.3651,127927,1.182,7.527
12:55:15.169,2565.3851,127928,1.097,7.548
12:55:15.169,2565.4051,127929,1.169,7.601
12:55:15.175,2565.4251,127930,1.344,7.781
12:55:15.175,2565.4451,127931,1.255,7.954
12:55:15.217,2565.4651,127932,1.263,8.076
12:55:15.217,2565.4851,127933,1.256,8.061
12:55:15.243,2565.5051,127934,1.361,8.203
12:55:15.276,2565.5251,127935,1.23,8.238
12:55:15.276,2565.5451,127936,1.178,8.228
12:55:15.319,2565.5651,127937,1.282,8.286
12:55:15.319,2565.5851,127938,1.284,8.344
12:55:15.335,2565.6051,127939,1.176,8.391
12:55:15.367,2565.6251,127940,1.185,8.4
12:55:15.394,2565.6451,127941,1.138,8.407
12:55:15.426,2565.6651,127942,0.976,8.351
12:55:15.426,2565.6851,127943,0.861,8.382
12:55:15.442,2565.7051,127944,0.86,8.404
12:55:15.453,2565.7251,127945,0.893,8.395
12:55:15.485,2565.7451,127946,0.844,8.375
12:55:15.512,2565.7651,127947,0.712,8.319
12:55:15.518,2565.7851,127948,0.666,8.175
12:55:15.544,2565.8051,127949,0.6,8.021
12:55:15.560,2565.8251,127950,0.828,7.977
12:55:15.576,2565.8451,127951,1.432,8.18
12:55:15.635,2565.8651,127952,2.217,8.457
12:55:15.635,2565.8851,127953,2.655,8.601
12:55:15.635,2565.9051,127954,2.694,8.537
12:55:15.666,2565.9251,127955,2.76,8.38
12:55:15.693,2565.9451,127956,3.178,8.172
12:55:15.698,2565.9651,127957,3.699,7.942
12:55:15.756,2565.9851,127958,4.247,7.607
12:55:15.756,2566.0051,127959,4.628,7.208
12:55:15.756,2566.0251,127960,4.951,6.818
12:55:15.782,2566.0451,127961,5.617,6.485
12:55:15.799,2566.0651,127962,6.617,6.132
12:55:15.831,2566.0851,127963,7.473,5.731
12:55:15.858,2566.1051,127964,7.881,5.368
12:55:15.874,2566.1251,127965,8.363,5.204
12:55:15.874,2566.1451,127966,8.853,4.988
12:55:15.905,2566.1651,127967,9.273,4.739
12:55:15.921,2566.1851,127968,9.469,4.364
12:55:15.947,2566.2051,127969,9.364,4.048
12:55:16.011,2566.2251,127970,8.987,3.875
12:55:16.011,2566.2451,127971,8.154,3.691
12:55:16.011,2566.2651,127972,7.272,3.463
12:55:16.027,2566.2851,127973,6.561,3.246
12:55:16.054,2566.3051,127974,5.832,2.995
12:55:16.054,2566.3251,127975,4.725,2.814
12:55:16.117,2566.3451,127976,4.159,2.731
12:55:16.128,2566.3651,127977,4.583,2.694
12:55:16.144,2566.3851,127978,5.22,2.585
12:55:16.144,2566.4051,127979,6.617,2.406
12:55:16.177,2566.4251,127980,7.539,2.04
12:55:16.177,2566.4451,127981,7.93,1.478
12:55:16.219,2566.4651,127982,8.292,1.032
12:55:16.219,2566.4851,127983,8.947,0.809
12:55:16.251,2566.5051,127984,9.486,0.699
12:55:16.310,2566.5251,127985,10.02,0.625
12:55:16.353,2566.5451,127986,10.554,0.718
12:55:16.358,2566.5651,127987,11.021,0.905
12:55:16.358,2566.5851,127988,11.319,1.175
12:55:16.358,2566.6051,127989,11.508,1.388
12:55:16.417,2566.6251,127990,11.684,1.542
12:55:16.417,2566.6451,127991,11.678,1.678
12:55:16.417,2566.6651,127992,11.624,1.875
12:55:16.417,2566.6851,127993,11.618,2.099
12:55:16.444,2566.7051,127994,11.575,2.297
12:55:16.460,2566.7251,127995,11.675,2.459
12:55:16.476,2566.7451,127996,11.709,2.581
12:55:16.503,2566.7651,127997,11.73,2.716
12:55:16.519,2566.7851,127998,11.735,2.973
12:55:16.535,2566.8051,127999,11.7,3.274
12:55:16.578,2566.8251,128000,11.728,3.694
12:55:16.583,2566.8451,128001,11.784,4.003
12:55:16.594,2566.8651,128002,11.523,4.222
12:55:16.626,2566.8851,128003,11.211,4.386
12:55:16.637,2566.9051,128004,10.915,4.562
12:55:16.702,2566.9251,128005,10.319,4.717
12:55:16.702,2566.9452,128006,10.079,4.801
12:55:16.702,2566.9651,128007,10.07,4.837
12:55:16.760,2566.9851,128008,9.907,4.868
12:55:16.777,2567.0051,128009,9.94,5.026
12:55:16.777,2567.0251,128010,10.137,5.331
12:55:16.777,2567.0451,128011,10.585,5.515
12:55:16.819,2567.0651,128012,11.199,5.713
12:55:16.819,2567.0851,128013,12.317,6.266
12:55:16.835,2567.1051,128014,12.721,6.498
12:55:16.892,2567.1251,128015,12.747,6.702
12:55:16.924,2567.1451,128016,12.769,6.959
12:55:16.924,2567.1651,128017,12.349,7.097
12:55:16.956,2567.1851,128018,12.261,7.31
12:55:16.956,2567.2051,128019,11.82,7.396
12:55:16.962,2567.2251,128020,11.389,7.521
12:55:16.983,2567.2451,128021,10.882,7.689
12:55:17.046,2567.2651,128022,10.314,7.806
12:55:17.046,2567.2851,128023,9.968,7.906
12:55:17.046,2567.3052,128024,9.391,8.018
12:55:17.062,2567.3251,128025,8.88,8.137
12:55:17.088,2567.3451,128026,8.339,8.24
12:55:17.121,2567.3651,128027,7.756,8.362
12:55:17.121,2567.3851,128028,7.563,8.473
12:55:17.137,2567.4051,128029,7.592,8.515
12:55:17.164,2567.4252,128030,7.321,8.537
12:55:17.179,2567.4451,128031,6.776,8.569
12:55:17.195,2567.4651,128032,6.12,8.568
12:55:17.228,2567.4851,128033,5.488,8.569
12:55:17.285,2567.5051,128034,5.271,8.608
12:55:17.285,2567.5251,128035,5.009,8.681
12:55:17.301,2567.5452,128036,4.947,8.816
12:55:17.301,2567.5651,128037,4.951,8.896
12:55:17.317,2567.5851,128038,4.894,8.908
12:55:17.360,2567.6051,128039,4.709,8.983
12:55:17.360,2567.6251,128040,4.64,9.008
12:55:17.435,2567.6451,128041,4.449,9.046
12:55:17.435,2567.6652,128042,4.232,9.089
12:55:17.440,2567.6851,128043,4.161,9.022
12:55:17.440,2567.7051,128044,4.166,8.942
12:55:17.493,2567.7251,128045,4.222,8.832
12:55:17.499,2567.7451,128046,4.182,8.75
12:55:17.499,2567.7651,128047,4.08,8.677
12:55:17.525,2567.7852,128048,4.202,8.594
12:55:17.557,2567.8051,128049,4.119,8.507
12:55:17.557,2567.8251,128050,4.213,8.484
12:55:17.584,2567.8451,128051,4.351,8.517
12:55:17.600,2567.8651,128052,4.407,8.494
12:55:17.647,2567.8851,128053,4.56,8.525
12:55:17.647,2567.9051,128054,4.736,8.579
12:55:17.658,2567.9251,128055,4.713,8.694
12:55:17.674,2567.9451,128056,4.678,8.721
12:55:17.706,2567.9652,128057,4.832,8.764
12:55:17.723,2567.9851,128058,4.948,8.869
12:55:17.766,2568.0051,128059,4.843,8.932
12:55:17.766,2568.0251,128060,4.729,9.012
12:55:17.782,2568.0451,128061,4.627,9.029
12:55:17.809,2568.0651,128062,4.744,9.099
12:55:17.825,2568.0851,128063,4.861,9.182
12:55:17.841,2568.1051,128064,4.758,9.26
12:55:17.872,2568.1251,128065,4.654,9.327
12:55:17.883,2568.1451,128066,4.618,9.468
12:55:17.899,2568.1651,128067,4.57,9.585
12:55:17.932,2568.1851,128068,4.592,9.62
12:55:17.943,2568.2051,128069,4.622,9.658
12:55:18.017,2568.2251,128070,4.659,9.784
12:55:18.023,2568.2451,128071,4.711,9.863
12:55:18.023,2568.2651,128072,4.755,9.943
12:55:18.023,2568.2851,128073,4.595,9.969
12:55:18.034,2568.3051,128074,4.515,9.976
12:55:18.081,2568.3251,128075,4.367,10.036
12:55:18.107,2568.3451,128076,4.436,10.08
12:55:18.113,2568.3651,128077,4.269,10.106
12:55:18.113,2568.3851,128078,4.234,10.176
12:55:18.156,2568.4051,128079,4.125,10.148
12:55:18.156,2568.4251,128080,3.961,10.176
12:55:18.229,2568.4451,128081,3.991,10.257
12:55:18.229,2568.4651,128082,3.87,10.309
12:55:18.245,2568.4851,128083,3.754,10.288
12:55:18.261,2568.5051,128084,3.752,10.356
12:55:18.287,2568.5251,128085,3.562,10.377
12:55:18.293,2568.5451,128086,3.62,10.379
12:55:18.293,2568.5652,128087,3.494,10.436
12:55:18.366,2568.5851,128088,3.577,10.466
12:55:18.366,2568.6051,128089,3.567,10.439
12:55:18.372,2568.6251,128090,3.41,10.448
12:55:18.377,2568.6451,128091,3.472,10.496
12:55:18.394,2568.6651,128092,3.32,10.519
12:55:18.425,2568.6852,128093,3.314,10.595
12:55:18.472,2568.7051,128094,3.152,10.629
12:55:18.472,2568.7251,128095,3.155,10.628
12:55:18.472,2568.7452,128096,3.002,10.694
12:55:18.499,2568.7651,128097,3.026,10.707
12:55:18.515,2568.7851,128098,2.897,10.771
12:55:18.589,2568.8051,128099,2.912,10.807
12:55:18.589,2568.8251,128100,2.718,10.867
12:55:18.594,2568.8451,128101,2.686,10.839
12:55:18.595,2568.8652,128102,2.508,10.839
12:55:18.622,2568.8851,128103,2.533,10.87
12:55:18.633,2568.9051,128104,2.578,10.891
12:55:18.739,2568.9252,128105,2.4,10.927
12:55:18.739,2568.9451,128106,2.225,10.971
12:55:18.744,2568.9651,128107,2.292,10.991
12:55:18.744,2568.9852,128108,2.215,11.052
12:55:18.744,2569.0051,128109,2.276,11.031
12:55:18.787,2569.0251,128110,2.359,10.995
12:55:18.813,2569.0452,128111,2.337,10.964
12:55:18.814,2569.0651,128112,2.484,10.984
12:55:18.819,2569.0851,128113,2.533,11.055
12:55:18.845,2569.1052,128114,2.487,11.029
12:55:18.861,2569.1251,128115,2.392,11.022
12:55:18.878,2569.1451,128116,2.35,11.082
12:55:18.905,2569.1652,128117,2.515,11.053
12:55:18.952,2569.1851,128118,2.517,11.045
12:55:18.953,2569.2051,128119,2.629,10.996
12:55:18.953,2569.2252,128120,2.516,11.011
12:55:18.979,2569.2451,128121,2.387,11.002
12:55:18.995,2569.2651,128122,2.404,10.976
12:55:19.027,2569.2851,128123,2.502,11.009
12:55:19.069,2569.3051,128124,2.486,11.08
12:55:19.070,2569.3251,128125,2.394,11.074
12:55:19.075,2569.3451,128126,2.284,11.064
12:55:19.128,2569.3651,128127,2.321,11.101
12:55:19.144,2569.3851,128128,2.361,11.11
12:55:19.192,2569.4051,128129,2.209,11.261
12:55:19.193,2569.4251,128130,2.237,11.54
12:55:19.193,2569.4451,128131,2.247,11.867
12:55:19.203,2569.4651,128132,2.296,12.13
12:55:19.219,2569.4851,128133,2.33,12.333
12:55:19.236,2569.5051,128134,2.264,12.459
12:55:19.267,2569.5251,128135,2.252,12.518
12:55:19.293,2569.5451,128136,2.264,12.542
12:55:19.299,2569.5651,128137,2.343,12.586
12:55:19.326,2569.5851,128138,2.294,12.667
12:55:19.342,2569.6051,128139,2.38,12.787
12:55:19.368,2569.6251,128140,2.413,12.862
12:55:19.415,2569.6451,128141,2.338,12.94
12:55:19.415,2569.6651,128142,2.073,12.956
12:55:19.415,2569.6851,128143,1.99,12.93
12:55:19.532,2569.7051,128144,1.609,12.861
12:55:19.537,2569.7251,128145,1.268,12.757
12:55:19.538,2569.7451,128146,0.989,12.688
12:55:19.538,2569.7651,128147,0.749,12.662
12:55:19.543,2569.7851,128148,0.543,12.636
12:55:19.543,2569.8051,128149,0.403,12.562
12:55:19.653,2569.8251,128150,0.249,12.587
12:55:19.658,2569.8451,128151,0.098,12.501
12:55:19.659,2569.8651,128152,-0.096,12.271
12:55:19.685,2569.8851,128153,-0.527,11.934
12:55:19.685,2569.9051,128154,-0.879,11.559
12:55:19.685,2569.9251,128155,-1.178,11.182
12:55:19.691,2569.9451,128156,-1.388,10.91
12:55:19.759,2569.9651,128157,-1.656,10.537
12:55:19.760,2569.9851,128158,-1.976,10.13
12:55:19.765,2570.0051,128159,-2.16,9.836
12:55:19.792,2570.0251,128160,-2.185,9.618
12:55:19.792,2570.0451,128161,-2.429,9.399
12:55:19.802,2570.0651,128162,-2.512,9.191
12:55:19.819,2570.0851,128163,-2.568,8.991
12:55:19.835,2570.1051,128164,-2.87,8.769
12:55:19.893,2570.1251,128165,-3.048,8.504
12:55:19.899,2570.1451,128166,-3.174,8.292
12:55:19.899,2570.1651,128167,-3.438,8.138
12:55:19.925,2570.1851,128168,-3.566,8.099
12:55:19.968,2570.2051,128169,-3.83,8.12
12:55:19.973,2570.2251,128170,-4.226,8.093
12:55:19.974,2570.2451,128171,-4.363,8.05
12:55:20.058,2570.2651,128172,-4.356,7.984
12:55:20.063,2570.2851,128173,-4.32,7.929
12:55:20.074,2570.3051,128174,-4.459,7.752
12:55:20.074,2570.3251,128175,-4.524,7.568
12:55:20.079,2570.3451,128176,-4.344,7.372
12:55:20.122,2570.3651,128177,-4.414,7.163
12:55:20.122,2570.3851,128178,-4.49,6.91
12:55:20.133,2570.4051,128179,-4.584,6.61
12:55:20.164,2570.4251,128180,-4.548,6.388
12:55:20.179,2570.4451,128181,-4.642,6.163
12:55:20.237,2570.4651,128182,-4.721,6.009
12:55:20.243,2570.4851,128183,-5.021,5.988
12:55:20.243,2570.5051,128184,-5.092,6.047
12:55:20.254,2570.5251,128185,-5.128,6.241
12:55:20.284,2570.5451,128186,-5.039,6.551
12:55:20.316,2570.5651,128187,-5.013,6.91
12:55:20.316,2570.5851,128188,-5.022,7.241
12:55:20.376,2570.6051,128189,-4.946,7.555
12:55:20.403,2570.6251,128190,-4.927,7.885
12:55:20.408,2570.6451,128191,-4.752,8.178
12:55:20.408,2570.6651,128192,-4.825,8.445
12:55:20.434,2570.6851,128193,-4.876,8.702
12:55:20.481,2570.7051,128194,-4.921,8.879
12:55:20.481,2570.7251,128195,-4.86,9.023
12:55:20.481,2570.7451,128196,-4.839,9.185
12:55:20.508,2570.7651,128197,-4.829,9.37
12:55:20.556,2570.7851,128198,-4.561,9.528
12:55:20.556,2570.8051,128199,-4.316,9.64
12:55:20.556,2570.8251,128200,-4.255,9.83
12:55:20.598,2570.8451,128201,-3.992,10.054
12:55:20.603,2570.8651,128202,-3.812,10.241
12:55:20.614,2570.8851,128203,-3.78,10.37
12:55:20.647,2570.9051,128204,-3.801,10.394
12:55:20.673,2570.9251,128205,-3.85,10.503
12:55:20.679,2570.9451,128206,-3.886,10.623
12:55:20.738,2570.9651,128207,-3.812,10.686
12:55:20.738,2570.9851,128208,-4.003,10.762
12:55:20.738,2571.0051,128209,-4.203,10.848
12:55:20.796,2571.0251,128210,-4.323,11.046
12:55:20.796,2571.0451,128211,-4.257,11.233
12:55:20.796,2571.0651,128212,-4.318,11.431
12:55:20.823,2571.0851,128213,-4.484,11.535
12:55:20.871,2571.1051,128214,-4.724,11.65
12:55:20.871,2571.1251,128215,-4.855,11.878
12:55:20.871,2571.1451,128216,-4.911,12.101
12:55:20.913,2571.1651,128217,-4.9,12.24
12:55:20.960,2571.1851,128218,-5.013,12.304
12:55:20.961,2571.2051,128219,-4.967,12.391
12:55:20.961,2571.2251,128220,-5.152,12.494
12:55:21.126,2571.2451,128221,-5.053,12.589
12:55:21.126,2571.2651,128222,-4.939,12.652
12:55:21.215,2571.2851,128223,-4.815,12.743
12:55:21.215,2571.3051,128224,-4.872,12.898
12:55:21.216,2571.3251,128225,-4.993,13.059
12:55:21.263,2571.3451,128226,-4.913,13.084
12:55:21.366,2571.3651,128227,-4.823,13.122
12:55:21.366,2571.3851,128228,-4.948,13.232
12:55:21.366,2571.4051,128229,-5.102,13.398
12:55:21.372,2571.4251,128230,-5.063,13.609
12:55:21.372,2571.4451,128231,-5.046,14.007
12:55:21.372,2571.4651,128232,-5.205,14.582
12:55:21.377,2571.4851,128233,-5.384,15.317
12:55:21.383,2571.5051,128234,-5.585,16.139
12:55:21.388,2571.5251,128235,-5.832,16.988
12:55:21.388,2571.5451,128236,-6.037,17.857
12:55:21.426,2571.5651,128237,-6.156,18.695
12:55:21.426,2571.5851,128238,-6.397,19.412
12:55:21.431,2571.6051,128239,-6.65,20.038
12:55:21.432,2571.6251,128240,-6.699,20.542
12:55:21.437,2571.6451,128241,-6.692,20.881
12:55:21.453,2571.6651,128242,-6.872,21.184
12:55:21.459,2571.6851,128243,-6.794,21.406
12:55:21.459,2571.7051,128244,-6.858,21.569
12:55:21.459,2571.7251,128245,-6.7,21.715
12:55:21.500,2571.7451,128246,-6.574,21.855
12:55:21.501,2571.7651,128247,-6.398,22.037
12:55:21.559,2571.7851,128248,-6.26,22.229
12:55:21.565,2571.8051,128249,-6.347,22.384
12:55:21.576,2571.8251,128250,-6.22,22.463
12:55:21.576,2571.8451,128251,-6.284,22.531
12:55:21.619,2571.8651,128252,-6.263,22.608
12:55:21.619,2571.8851,128253,-6.465,22.653
12:55:21.667,2571.9051,128254,-6.704,22.675
12:55:21.726,2571.9251,128255,-6.942,22.673
12:55:21.726,2571.9451,128256,-7.084,22.661
12:55:21.726,2571.9651,128257,-7.446,22.733
12:55:21.732,2571.9851,128258,-7.703,22.849
12:55:21.769,2572.0051,128259,-8.009,23.022
12:55:21.774,2572.0251,128260,-8.187,23.25
12:55:21.817,2572.0451,128261,-8.326,23.582
12:55:21.817,2572.0651,128262,-8.371,24.016
12:55:21.817,2572.0851,128263,-8.471,24.519
12:55:21.965,2572.1051,128264,-8.946,25.113
12:55:22.023,2572.1251,128265,-9.215,25.651
12:55:22.039,2572.1451,128266,-9.197,26.123
12:55:22.039,2572.1651,128267,-9.0,26.616
12:55:22.045,2572.1851,128268,-8.708,27.245
12:55:22.045,2572.2051,128269,-8.365,27.739
12:55:22.045,2572.2251,128270,-8.049,28.027
12:55:22.045,2572.2451,128271,-7.578,28.18
12:55:22.050,2572.2651,128272,-7.077,28.327
12:55:22.072,2572.2851,128273,-6.379,28.365
12:55:22.072,2572.3051,128274,-5.521,28.367
12:55:22.072,2572.3251,128275,-4.596,28.341
12:55:22.099,2572.3451,128276,-3.726,28.236
12:55:22.099,2572.3651,128277,-3.038,28.133
12:55:22.132,2572.3851,128278,-2.239,28.082
12:55:22.158,2572.4051,128279,-1.532,28.183
12:55:22.164,2572.4251,128280,-0.727,28.291
12:55:22.191,2572.4451,128281,-0.082,28.458
12:55:22.282,2572.4651,128282,0.552,28.646
12:55:22.282,2572.4851,128283,1.219,28.893
12:55:22.282,2572.5051,128284,2.083,29.138
12:55:22.282,2572.5251,128285,3.128,29.346
12:55:22.288,2572.5451,128286,4.126,29.585
12:55:22.293,2572.5651,128287,5.067,29.724
12:55:22.384,2572.5851,128288,6.027,29.693
12:55:22.384,2572.6051,128289,7.025,29.552
12:55:22.390,2572.6251,128290,7.88,29.331
12:55:22.390,2572.6451,128291,8.453,28.95
12:55:22.400,2572.6651,128292,8.59,28.368
12:55:22.416,2572.6851,128293,8.456,27.623
12:55:22.444,2572.7051,128294,8.182,26.82
12:55:22.503,2572.7251,128295,7.876,26.078
12:55:22.509,2572.7451,128296,7.823,25.545
12:55:22.509,2572.7651,128297,7.971,25.247
12:55:22.535,2572.7851,128298,8.135,25.04
12:55:22.535,2572.8051,128299,8.236,24.823
12:55:22.667,2572.8251,128300,8.291,24.596
12:55:22.673,2572.8451,128301,8.332,24.469
12:55:22.673,2572.8651,128302,8.39,24.341
12:55:22.673,2572.8851,128303,8.459,24.113
12:55:22.678,2572.9051,128304,8.544,23.881
12:55:22.679,2572.9251,128305,8.58,23.46
12:55:22.679,2572.9451,128306,8.629,22.77
12:55:22.716,2572.9651,128307,8.57,21.939
12:55:22.716,2572.9851,128308,8.743,21.035
12:55:22.743,2573.0051,128309,8.503,19.973
12:55:22.791,2573.0251,128310,8.612,18.786
12:55:22.791,2573.0451,128311,8.718,17.572
12:55:22.791,2573.0651,128312,8.832,16.437
12:55:22.865,2573.0851,128313,9.532,15.464
12:55:22.865,2573.1051,128314,10.215,14.614
12:55:22.865,2573.1251,128315,11.503,13.961
12:55:22.881,2573.1451,128316,13.42,13.496
12:55:22.897,2573.1651,128317,15.588,12.963
12:55:22.983,2573.1851,128318,18.147,12.722
12:55:22.988,2573.2051,128319,20.911,12.969
12:55:22.988,2573.2251,128320,23.666,13.19
12:55:22.988,2573.2451,128321,25.737,13.209
12:55:22.994,2573.2651,128322,27.431,13.103
12:55:23.015,2573.2851,128323,28.263,13.007
12:55:23.073,2573.3051,128324,29.221,13.482
12:55:23.074,2573.3251,128325,30.904,14.528
12:55:23.079,2573.3451,128326,31.573,17.099
12:55:23.105,2573.3651,128327,31.387,18.8
12:55:23.153,2573.3851,128328,31.237,19.767
12:55:23.269,2573.4051,128329,31.668,20.466
12:55:23.390,2573.4251,128330,32.947,20.381
12:55:23.391,2573.4451,128331,32.488,19.873
12:55:23.391,2573.4651,128332,29.612,19.858
12:55:23.396,2573.4851,128333,27.061,20.345
12:55:23.396,2573.5051,128334,24.201,20.601
12:55:23.396,2573.5251,128335,21.245,20.707
12:55:23.402,2573.5451,128336,20.417,20.82
12:55:23.433,2573.5651,128337,23.852,20.706
12:55:23.449,2573.5851,128338,28.117,20.857
12:55:23.450,2573.6051,128339,28.158,21.827
12:55:23.466,2573.6251,128340,28.554,22.298
12:55:23.466,2573.6451,128341,27.93,22.042
12:55:23.466,2573.6651,128342,28.33,21.995
12:55:23.471,2573.6851,128343,27.926,21.785
12:55:23.472,2573.7051,128344,28.832,21.521
12:55:23.472,2573.7251,128345,31.951,19.669
12:55:23.472,2573.7451,128346,36.841,17.297
12:55:23.493,2573.7651,128347,42.643,16.247
12:55:23.568,2573.7851,128348,42.863,14.776
12:55:23.573,2573.8051,128349,42.313,14.386
12:55:23.574,2573.8251,128350,41.582,16.384
12:55:23.579,2573.8451,128351,39.949,19.341
12:55:23.612,2573.8651,128352,37.721,21.376
12:55:23.618,2573.8851,128353,36.895,22.589
12:55:23.660,2573.9051,128354,35.339,22.975
12:55:23.660,2573.9251,128355,33.056,24.056
12:55:23.718,2573.9451,128356,29.905,25.605
12:55:23.855,2573.9651,128357,27.106,27.052
12:55:23.855,2573.9851,128358,25.734,29.407
12:55:23.860,2574.0051,128359,20.511,32.156
12:55:23.860,2574.0251,128360,14.568,34.687
12:55:23.860,2574.0451,128361,10.769,35.966
12:55:23.861,2574.0651,128362,6.928,36.691
12:55:23.866,2574.0851,128363,2.903,37.076
12:55:23.899,2574.1051,128364,-1.265,37.492
12:55:23.899,2574.1251,128365,-6.443,38.1
12:55:23.905,2574.1451,128366,-12.061,38.41
12:55:23.905,2574.1651,128367,-18.059,37.784
12:55:23.947,2574.1851,128368,-24.519,35.747
12:55:23.947,2574.2051,128369,-31.298,32.316
12:55:23.958,2574.2251,128370,-38.062,28.045
12:55:23.990,2574.2451,128371,-43.331,23.809
12:55:24.018,2574.2651,128372,-47.14,19.162
12:55:24.023,2574.2851,128373,-52.286,11.994
12:55:24.034,2574.3051,128374,-57.547,1.642
12:55:24.066,2574.3251,128375,-61.175,-9.016
12:55:24.092,2574.3451,128376,-63.295,-17.585
12:55:24.098,2574.3651,128377,-65.638,-26.464
12:55:24.141,2574.3851,128378,-70.72,-32.911
12:55:24.141,2574.4051,128379,-78.489,-34.659
12:55:24.156,2574.4251,128380,-86.292,-20.242
12:55:24.183,2574.4451,128381,-85.749,97.276
12:55:24.199,2574.4651,128382,-81.491,98.18
12:55:24.215,2574.4851,128383,-75.983,118.553
12:55:24.258,2574.5051,128384,-75.576,135.424
12:55:24.264,2574.5251,128385,-75.129,155.02
12:55:24.275,2574.5451,128386,-72.61,179.381
12:55:24.317,2574.5651,128387,-70.839,-173.704
12:55:24.323,2574.5851,128388,-68.764,172.408
12:55:24.381,2574.6051,128389,-63.067,160.728
12:55:24.397,2574.6251,128390,-65.888,147.306
12:55:24.397,2574.6451,128391,-66.239,128.722
12:55:24.397,2574.6651,128392,-64.475,115.045
12:55:24.425,2574.6851,128393,-59.143,113.486
12:55:24.441,2574.7051,128394,-52.44,117.203
12:55:24.457,2574.7251,128395,-45.221,115.707
12:55:24.484,2574.7451,128396,-44.07,114.1
12:55:24.500,2574.7651,128397,-44.345,110.195
12:55:24.516,2574.7851,128398,-39.837,108.275
12:55:24.558,2574.8051,128399,-34.071,106.577
12:55:24.559,2574.8251,128400,-30.857,104.564
12:55:24.575,2574.8451,128401,-33.91,104.391
12:55:24.607,2574.8651,128402,-37.498,101.954
12:55:24.618,2574.8851,128403,-38.976,97.573
12:55:24.633,2574.9051,128404,-37.956,91.938
12:55:24.665,2574.9251,128405,-35.832,84.765
12:55:24.682,2574.9451,128406,-33.566,80.179
12:55:24.724,2574.9651,128407,-32.922,80.116
12:55:24.724,2574.9851,128408,-32.243,81.926
12:55:24.740,2575.0051,128409,-30.68,83.27
12:55:24.757,2575.0251,128410,-29.264,83.387
12:55:24.784,2575.0451,128411,-30.138,82.394
12:55:24.847,2575.0651,128412,-32.743,81.836
12:55:24.847,2575.0851,128413,-35.057,82.191
12:55:24.858,2575.1051,128414,-35.563,83.279
12:55:24.863,2575.1251,128415,-35.086,83.552
12:55:24.874,2575.1451,128416,-35.735,83.608
12:55:24.906,2575.1651,128417,-35.077,84.173
12:55:24.922,2575.1851,128418,-35.312,84.789
12:55:24.933,2575.2051,128419,-36.884,84.724
12:55:24.965,2575.2251,128420,-37.171,85.227
12:55:24.982,2575.2451,128421,-37.621,86.095
12:55:25.008,2575.2651,128422,-38.149,86.411
12:55:25.041,2575.2851,128423,-38.044,86.747
12:55:25.041,2575.3051,128424,-37.81,87.341
12:55:25.084,2575.3251,128425,-37.777,87.82
12:55:25.084,2575.3451,128426,-38.03,86.349
12:55:25.100,2575.3651,128427,-37.042,83.46
12:55:25.116,2575.3851,128428,-34.884,80.65
12:55:25.148,2575.4051,128429,-32.663,76.936
12:55:25.158,2575.4251,128430,-32.338,72.525
12:55:25.207,2575.4451,128431,-33.457,70.737
12:55:25.207,2575.4651,128432,-33.127,69.669
12:55:25.218,2575.4851,128433,-29.833,67.689
12:55:25.234,2575.5051,128434,-25.089,65.126
12:55:25.266,2575.5251,128435,-20.921,62.721
12:55:25.282,2575.5451,128436,-17.45,58.177
12:55:25.324,2575.5651,128437,-13.538,53.624
12:55:25.340,2575.5851,128438,-13.382,52.864
12:55:25.341,2575.6051,128439,-15.774,53.501
12:55:25.357,2575.6251,128440,-18.656,54.471
12:55:25.389,2575.6451,128441,-19.476,55.367
12:55:25.400,2575.6651,128442,-15.811,54.127
12:55:25.431,2575.6851,128443,-16.57,54.916
12:55:25.448,2575.7051,128444,-17.981,55.983
12:55:25.458,2575.7251,128445,-16.864,55.473
12:55:25.474,2575.7451,128446,-17.167,55.899
12:55:25.506,2575.7651,128447,-17.164,56.458
12:55:25.522,2575.7851,128448,-17.246,56.439
12:55:25.549,2575.8051,128449,-19.266,57.079
12:55:25.565,2575.8251,128450,-23.365,60.42
12:55:25.582,2575.8451,128451,-24.473,63.432
12:55:25.592,2575.8651,128452,-22.716,62.878
12:55:25.624,2575.8851,128453,-24.803,64.048
12:55:25.672,2575.9051,128454,-25.526,63.499
12:55:25.672,2575.9251,128455,-24.719,61.337
12:55:25.673,2575.9451,128456,-24.24,60.451
12:55:25.699,2575.9651,128457,-24.298,60.752
12:55:25.715,2575.9851,128458,-25.674,62.401
12:55:25.758,2576.0051,128459,-26.946,63.905
12:55:25.763,2576.0251,128460,-27.614,65.479
12:55:25.790,2576.0451,128461,-27.481,65.781
12:55:25.806,2576.0651,128462,-26.574,65.754
12:55:25.822,2576.0851,128463,-26.308,65.017
12:55:25.833,2576.1051,128464,-26.061,65.236
12:55:25.865,2576.1251,128465,-22.42,66.603
12:55:25.881,2576.1451,128466,-17.058,66.986
12:55:25.908,2576.1651,128467,-13.439,66.416
12:55:25.924,2576.1851,128468,-9.974,66.184
12:55:25.940,2576.2051,128469,-7.436,65.999
12:55:25.972,2576.2251,128470,-4.745,67.002
12:55:25.982,2576.2451,128471,-1.952,67.476
12:55:26.030,2576.2651,128472,0.97,68.118
12:55:26.030,2576.2851,128473,5.064,68.959
12:55:26.035,2576.3051,128474,9.96,70.612
12:55:26.074,2576.3251,128475,14.065,73.395
12:55:26.074,2576.3451,128476,16.917,76.018
12:55:26.179,2576.3651,128477,19.177,78.748
12:55:26.179,2576.3851,128478,21.903,82.018
12:55:26.184,2576.4051,128479,22.356,85.099
12:55:26.185,2576.4251,128480,21.506,86.715
12:55:26.190,2576.4451,128481,20.266,88.023
12:55:26.196,2576.4651,128482,19.961,88.454
12:55:26.227,2576.4851,128483,18.698,88.465
12:55:26.285,2576.5051,128484,16.457,88.126
12:55:26.285,2576.5251,128485,13.773,85.19
12:55:26.285,2576.5451,128486,11.591,80.419
12:55:26.302,2576.5651,128487,9.796,75.317
12:55:26.312,2576.5851,128488,8.966,70.759
12:55:26.377,2576.6051,128489,9.833,67.864
12:55:26.377,2576.6251,128490,10.792,66.042
12:55:26.377,2576.6451,128491,12.331,63.756
12:55:26.403,2576.6651,128492,13.892,62.163
12:55:26.419,2576.6851,128493,15.347,60.664
12:55:26.436,2576.7051,128494,17.297,58.655
12:55:26.467,2576.7251,128495,19.852,56.101
12:55:26.509,2576.7451,128496,22.661,52.263
12:55:26.509,2576.7651,128497,26.343,47.984
12:55:26.515,2576.7851,128498,30.56,44.748
12:55:26.542,2576.8051,128499,34.15,42.85
12:55:26.552,2576.8251,128500,35.807,41.489
12:55:26.584,2576.8451,128501,36.347,40.819
12:55:26.615,2576.8651,128502,37.488,41.253
12:55:26.616,2576.8851,128503,38.294,41.459
12:55:26.643,2576.9051,128504,38.769,40.466
12:55:26.659,2576.9251,128505,38.978,39.669
12:55:26.674,2576.9451,128506,39.5,39.137
12:55:26.706,2576.9651,128507,40.429,37.983
12:55:26.733,2576.9851,128508,41.173,37.909
12:55:26.739,2577.0051,128509,43.18,40.43
12:55:26.765,2577.0251,128510,46.71,40.8
12:55:26.781,2577.0451,128511,50.527,39.22
12:55:26.792,2577.0651,128512,52.526,36.402
12:55:26.825,2577.0851,128513,52.875,33.498
12:55:26.857,2577.1051,128514,53.515,30.234
12:55:26.857,2577.1251,128515,54.791,25.843
12:55:26.883,2577.1451,128516,55.871,21.021
12:55:26.898,2577.1651,128517,56.326,16.118
12:55:26.914,2577.1851,128518,56.727,10.617
12:55:26.974,2577.2051,128519,57.967,3.097
12:55:26.974,2577.2251,128520,59.197,-5.521
12:55:26.979,2577.2451,128521,60.289,-13.828
12:55:27.006,2577.2651,128522,60.957,-20.539
12:55:27.022,2577.2851,128523,60.898,-25.82
12:55:27.048,2577.3051,128524,60.435,-30.91
12:55:27.096,2577.3251,128525,59.446,-35.045
12:55:27.096,2577.3451,128526,55.796,-36.752
12:55:27.096,2577.3651,128527,50.978,-38.418
12:55:27.123,2577.3851,128528,47.505,-41.21
12:55:27.154,2577.4051,128529,45.239,-44.007
12:55:27.154,2577.4251,128530,43.67,-46.785
12:55:27.213,2577.4451,128531,42.044,-48.318
12:55:27.218,2577.4651,128532,39.728,-47.794
12:55:27.219,2577.4851,128533,37.809,-46.924
12:55:27.245,2577.5051,128534,36.272,-46.431
12:55:27.261,2577.5251,128535,34.715,-45.921
12:55:27.277,2577.5451,128536,33.612,-45.139
12:55:27.319,2577.5651,128537,32.649,-43.892
12:55:27.319,2577.5851,128538,30.983,-42.571
12:55:27.335,2577.6051,128539,28.116,-42.56
12:55:27.367,2577.6251,128540,25.876,-43.514
12:55:27.378,2577.6451,128541,25.389,-44.293
12:55:27.394,2577.6651,128542,24.832,-44.777
12:55:27.441,2577.6851,128543,24.217,-44.857
12:55:27.442,2577.7051,128544,23.837,-44.323
12:55:27.453,2577.7251,128545,23.497,-43.3
12:55:27.484,2577.7451,128546,23.343,-41.788
12:55:27.500,2577.7651,128547,22.594,-40.074
12:55:27.516,2577.7851,128548,22.178,-38.868
12:55:27.542,2577.8051,128549,21.744,-38.754
12:55:27.559,2577.8251,128550,22.503,-39.167
12:55:27.576,2577.8451,128551,23.474,-39.675
12:55:27.602,2577.8651,128552,24.04,-40.385
12:55:27.619,2577.8851,128553,24.513,-42.446
12:55:27.635,2577.9051,128554,24.432,-44.808
12:55:27.678,2577.9251,128555,23.462,-46.36
12:55:27.684,2577.9451,128556,22.001,-46.683
12:55:27.694,2577.9651,128557,19.891,-46.93
12:55:27.727,2577.9851,128558,18.057,-46.997
12:55:27.754,2578.0051,128559,17.258,-47.426
12:55:27.754,2578.0251,128560,17.344,-48.282
12:55:27.803,2578.0451,128561,17.702,-48.347
12:55:27.803,2578.0651,128562,18.534,-48.072
12:55:27.814,2578.0851,128563,19.794,-48.086
12:55:27.861,2578.1051,128564,20.154,-50.092
12:55:27.861,2578.1251,128565,19.894,-53.376
12:55:27.877,2578.1451,128566,20.586,-55.461
12:55:27.920,2578.1651,128567,21.772,-55.884
12:55:27.920,2578.1851,128568,23.216,-56.118
12:55:27.978,2578.2051,128569,24.76,-56.652
12:55:27.983,2578.2251,128570,25.653,-59.706
12:55:28.042,2578.2451,128571,26.11,-62.005
12:55:28.042,2578.2651,128572,26.533,-62.285
12:55:28.042,2578.2851,128573,26.769,-60.98
12:55:28.042,2578.3051,128574,27.074,-58.637
12:55:28.053,2578.3251,128575,26.686,-55.504
12:55:28.085,2578.3451,128576,25.838,-51.346
12:55:28.101,2578.3651,128577,24.007,-46.296
12:55:28.112,2578.3851,128578,21.359,-42.187
12:55:28.162,2578.4051,128579,18.238,-39.484
12:55:28.162,2578.4251,128580,15.207,-37.65
12:55:28.172,2578.4451,128581,14.249,-37.247
12:55:28.204,2578.4651,128582,14.713,-38.786
12:55:28.220,2578.4851,128583,16.672,-41.819
12:55:28.236,2578.5051,128584,18.789,-45.266
12:55:28.263,2578.5251,128585,21.043,-48.915
12:55:28.279,2578.5451,128586,22.721,-52.788
12:55:28.296,2578.5651,128587,23.412,-55.509
12:55:28.323,2578.5851,128588,23.713,-57.148
12:55:28.339,2578.6051,128589,24.643,-59.012
12:55:28.355,2578.6251,128590,25.783,-60.653
12:55:28.387,2578.6451,128591,26.856,-61.769
12:55:28.398,2578.6651,128592,27.863,-62.97
12:55:28.414,2578.6851,128593,29.004,-64.762
12:55:28.446,2578.7051,128594,30.18,-67.383
12:55:28.462,2578.7251,128595,31.405,-70.405
12:55:28.473,2578.7451,128596,31.545,-72.899
12:55:28.505,2578.7651,128597,31.298,-74.912
12:55:28.521,2578.7851,128598,30.824,-75.968
12:55:28.537,2578.8051,128599,30.073,-76.837
12:55:28.563,2578.8251,128600,29.587,-77.485
12:55:28.579,2578.8451,128601,29.185,-77.814
12:55:28.595,2578.8651,128602,28.822,-77.79
12:55:28.627,2578.8851,128603,28.358,-77.714
12:55:28.638,2578.9051,128604,28.207,-77.247
12:55:28.654,2578.9251,128605,28.443,-76.511
12:55:28.686,2578.9451,128606,29.136,-75.767
12:55:28.702,2578.9651,128607,30.174,-75.271
12:55:28.713,2578.9851,128608,31.269,-75.368
12:55:28.745,2579.0051,128609,32.835,-76.376
12:55:28.761,2579.0251,128610,34.765,-79.066
12:55:28.777,2579.0451,128611,36.021,-80.381
12:55:28.804,2579.0651,128612,36.467,-81.083
12:55:28.819,2579.0851,128613,35.842,-82.207
12:55:28.882,2579.1051,128614,34.976,-83.589
12:55:28.882,2579.1251,128615,34.498,-84.396
12:55:28.883,2579.1451,128616,34.649,-83.777
12:55:28.894,2579.1651,128617,34.969,-80.676
12:55:28.925,2579.1851,128618,35.497,-76.616
12:55:28.941,2579.2051,128619,37.355,-70.297
12:55:28.983,2579.2251,128620,39.494,-62.755
12:55:29.016,2579.2451,128621,39.583,-54.95
12:55:29.016,2579.2651,128622,37.036,-48.28
12:55:29.016,2579.2851,128623,33.246,-42.773
12:55:29.042,2579.3051,128624,29.168,-38.983
12:55:29.058,2579.3251,128625,25.588,-36.974
12:55:29.106,2579.3451,128626,21.674,-34.992
12:55:29.106,2579.3651,128627,17.818,-34.32
12:55:29.122,2579.3851,128628,15.047,-33.785
12:55:29.137,2579.4051,128629,12.974,-32.632
12:55:29.164,2579.4251,128630,12.359,-31.203
12:55:29.180,2579.4451,128631,13.07,-30.52
12:55:29.212,2579.4651,128632,15.831,-30.925
12:55:29.228,2579.4851,128633,18.903,-32.06
12:55:29.239,2579.5051,128634,20.037,-33.222
12:55:29.255,2579.5251,128635,19.721,-33.236
12:55:29.287,2579.5451,128636,17.335,-30.971
12:55:29.298,2579.5651,128637,14.28,-27.589
12:55:29.330,2579.5851,128638,11.412,-24.619
12:55:29.346,2579.6051,128639,9.432,-22.581
12:55:29.362,2579.6251,128640,7.312,-20.243
12:55:29.373,2579.6451,128641,4.229,-17.107
12:55:29.404,2579.6651,128642,1.083,-13.527
12:55:29.447,2579.6851,128643,-1.754,-9.764
12:55:29.453,2579.7051,128644,-4.61,-5.819
12:55:29.453,2579.7251,128645,-9.039,-1.338
12:55:29.480,2579.7451,128646,-14.042,3.848
12:55:29.496,2579.7651,128647,-18.896,9.205
12:55:29.528,2579.7851,128648,-23.594,15.072
12:55:29.539,2579.8051,128649,-27.81,21.096
12:55:29.571,2579.8251,128650,-30.799,27.034
12:55:29.587,2579.8451,128651,-32.956,31.302
12:55:29.602,2579.8651,128652,-36.817,35.534
12:55:29.613,2579.8851,128653,-41.107,40.908
12:55:29.645,2579.9051,128654,-44.666,47.669
12:55:29.661,2579.9251,128655,-47.734,55.459
12:55:29.688,2579.9451,128656,-50.757,64.511
12:55:29.704,2579.9651,128657,-52.631,75.131
12:55:29.720,2579.9851,128658,-52.659,86.165
12:55:29.736,2580.0051,128659,-51.825,96.45
12:55:29.763,2580.0251,128660,-50.459,107.039
12:55:29.810,2580.0451,128661,-48.432,117.244
12:55:29.810,2580.0651,128662,-46.358,124.69
12:55:29.811,2580.0851,128663,-45.575,126.641
12:55:29.842,2580.1051,128664,-45.043,127.064
12:55:29.852,2580.1251,128665,-45.245,126.435
12:55:29.884,2580.1451,128666,-46.495,124.26
12:55:29.933,2580.1651,128667,-47.818,120.907
12:55:29.933,2580.1851,128668,-48.741,117.084
12:55:29.933,2580.2051,128669,-49.58,112.036
12:55:29.959,2580.2251,128670,-50.428,104.914
12:55:29.975,2580.2451,128671,-50.494,96.455
12:55:30.049,2580.2651,128672,-49.353,87.053
12:55:30.049,2580.2851,128673,-46.142,77.564
12:55:30.054,2580.3051,128674,-40.433,69.72
12:55:30.054,2580.3251,128675,-33.985,62.966
12:55:30.080,2580.3451,128676,-27.311,58.45
12:55:30.097,2580.3651,128677,-24.811,55.599
12:55:30.123,2580.3851,128678,-29.198,53.466
12:55:30.155,2580.4051,128679,-33.006,50.337
12:55:30.155,2580.4251,128680,-32.59,46.138
12:55:30.187,2580.4451,128681,-28.541,41.718
12:55:30.198,2580.4651,128682,-23.65,37.265
12:55:30.214,2580.4851,128683,-19.119,32.796
12:55:30.245,2580.5051,128684,-16.555,29.8
12:55:30.261,2580.5251,128685,-15.49,28.945
12:55:30.277,2580.5451,128686,-14.797,29.265
12:55:30.305,2580.5651,128687,-13.646,29.969
12:55:30.321,2580.5851,128688,-12.057,30.721
12:55:30.337,2580.6051,128689,-10.603,30.936
12:55:30.364,2580.6251,128690,-9.067,31.21
12:55:30.395,2580.6451,128691,-7.919,31.285
12:55:30.395,2580.6651,128692,-6.391,30.873
12:55:30.422,2580.6851,128693,-4.431,31.227
12:55:30.455,2580.7051,128694,-2.533,32.548
12:55:30.455,2580.7251,128695,-0.852,34.019
12:55:30.486,2580.7451,128696,0.899,34.963
12:55:30.514,2580.7651,128697,3.025,35.686
12:55:30.514,2580.7851,128698,4.798,36.406
12:55:30.545,2580.8051,128699,7.071,38.034
12:55:30.561,2580.8251,128700,9.311,40.005
12:55:30.578,2580.8451,128701,11.138,41.901
12:55:30.605,2580.8651,128702,12.611,43.571
12:55:30.637,2580.8851,128703,14.538,45.42
12:55:30.637,2580.9051,128704,16.333,47.462
12:55:30.664,2580.9251,128705,17.627,49.68
12:55:30.680,2580.9451,128706,18.656,51.581
12:55:30.697,2580.9651,128707,19.732,52.833
12:55:30.756,2580.9851,128708,21.108,54.082
12:55:30.756,2581.0051,128709,22.165,55.713
12:55:30.757,2581.0251,128710,22.625,56.291
12:55:30.783,2581.0451,128711,21.834,55.932
12:55:30.799,2581.0651,128712,17.648,54.658
12:55:30.816,2581.0851,128713,12.618,54.607
12:55:30.874,2581.1051,128714,8.667,55.604
12:55:30.874,2581.1251,128715,6.968,55.459
12:55:30.879,2581.1451,128716,7.052,55.242
12:55:30.923,2581.1651,128717,8.875,54.928
12:55:30.923,2581.1851,128718,10.558,55.005
12:55:30.933,2581.2051,128719,12.368,54.777
12:55:30.997,2581.2251,128720,15.031,54.372
12:55:30.997,2581.2451,128721,18.536,52.34
12:55:30.997,2581.2651,128722,23.301,49.103
12:55:31.024,2581.2851,128723,27.983,48.034
12:55:31.040,2581.3051,128724,31.264,52.145
12:55:31.071,2581.3251,128725,31.979,55.311
12:55:31.098,2581.3451,128726,32.668,57.071
12:55:31.103,2581.3651,128727,33.41,59.029
12:55:31.114,2581.3851,128728,34.706,59.494
12:55:31.146,2581.4051,128729,36.157,59.214
12:55:31.163,2581.4251,128730,36.508,61.447
12:55:31.173,2581.4451,128731,36.707,63.544
12:55:31.206,2581.4651,128732,36.697,60.791
12:55:31.223,2581.4851,128733,37.969,56.115
12:55:31.233,2581.5051,128734,38.114,53.16
12:55:31.265,2581.5251,128735,37.101,54.182
12:55:31.281,2581.5451,128736,35.28,56.56
12:55:31.297,2581.5651,128737,33.366,57.676
12:55:31.339,2581.5851,128738,31.796,59.111
12:55:31.339,2581.6051,128739,30.381,60.184
12:55:31.355,2581.6251,128740,28.554,60.571
12:55:31.383,2581.6451,128741,26.898,61.088
12:55:31.399,2581.6651,128742,26.028,63.013
12:55:31.414,2581.6851,128743,26.046,64.011
12:55:31.462,2581.7051,128744,26.693,64.308
12:55:31.462,2581.7251,128745,26.822,64.221
12:55:31.473,2581.7451,128746,26.431,64.559
12:55:31.504,2581.7651,128747,26.441,64.611
12:55:31.520,2581.7851,128748,25.876,64.105
12:55:31.536,2581.8051,128749,26.179,64.957
12:55:31.578,2581.8251,128750,27.269,66.675
12:55:31.584,2581.8451,128751,29.209,67.836
12:55:31.594,2581.8651,128752,31.288,67.054
12:55:31.637,2581.8851,128753,31.768,64.986
12:55:31.643,2581.9051,128754,30.762,61.486
12:55:31.654,2581.9251,128755,31.697,58.754
12:55:31.702,2581.9451,128756,32.161,54.569
12:55:31.702,2581.9651,128757,31.867,50.558
12:55:31.728,2581.9851,128758,32.075,51.13
12:55:31.744,2582.0051,128759,31.169,53.874
12:55:31.761,2582.0251,128760,29.755,56.184
12:55:31.777,2582.0451,128761,27.293,56.872
12:55:31.819,2582.0651,128762,24.97,57.762
12:55:31.819,2582.0851,128763,22.717,59.446
12:55:31.835,2582.1051,128764,19.178,61.14
12:55:31.867,2582.1251,128765,15.703,62.109
12:55:31.882,2582.1451,128766,14.623,64.646
12:55:31.894,2582.1651,128767,13.961,67.432
12:55:31.942,2582.1851,128768,14.254,68.7
12:55:31.942,2582.2051,128769,14.848,69.195
12:55:31.953,2582.2251,128770,15.484,69.592
12:55:31.985,2582.2451,128771,16.36,70.455
12:55:32.001,2582.2651,128772,17.975,71.49
12:55:32.044,2582.2851,128773,19.775,71.728
12:55:32.050,2582.3051,128774,20.863,71.118
12:55:32.061,2582.3251,128775,21.408,70.671
12:55:32.077,2582.3451,128776,21.643,70.945
12:55:32.104,2582.3651,128777,21.181,70.762
12:55:32.120,2582.3851,128778,21.119,70.51
12:55:32.136,2582.4051,128779,21.907,70.344
12:55:32.163,2582.4251,128780,22.547,71.077
12:55:32.180,2582.4451,128781,23.214,72.047
12:55:32.195,2582.4651,128782,23.765,72.609
12:55:32.227,2582.4851,128783,24.022,72.784
12:55:32.238,2582.5051,128784,23.958,72.52
12:55:32.286,2582.5251,128785,23.65,72.722
12:55:32.286,2582.5451,128786,23.51,73.549
12:55:32.313,2582.5651,128787,23.542,74.337
12:55:32.318,2582.5851,128788,23.692,74.624
12:55:32.345,2582.6051,128789,24.122,74.475
12:55:32.362,2582.6251,128790,24.367,73.79
12:55:32.373,2582.6451,128791,24.199,72.879
12:55:32.404,2582.6651,128792,24.264,72.149
12:55:32.421,2582.6851,128793,25.007,72.426
12:55:32.436,2582.7051,128794,26.074,72.698
12:55:32.463,2582.7251,128795,27.035,72.762
12:55:32.479,2582.7451,128796,27.648,73.099
12:55:32.496,2582.7651,128797,28.326,73.924
12:55:32.528,2582.7851,128798,29.104,74.927
12:55:32.544,2582.8051,128799,29.549,75.808
12:55:32.555,2582.8251,128800,29.6,76.478
12:55:32.582,2582.8451,128801,29.308,76.469
12:55:32.598,2582.8651,128802,29.138,75.906
12:55:32.647,2582.8851,128803,29.447,75.65
12:55:32.647,2582.9051,128804,29.81,75.58
12:55:32.658,2582.9251,128805,30.564,74.68
12:55:32.673,2582.9451,128806,31.031,71.78
12:55:32.706,2582.9651,128807,31.931,70.701
12:55:32.722,2582.9851,128808,33.106,71.669
12:55:32.764,2583.0051,128809,34.01,72.8
12:55:32.764,2583.0251,128810,34.864,73.781
12:55:32.797,2583.0451,128811,35.691,74.602
12:55:32.797,2583.0651,128812,36.758,75.333
12:55:32.823,2583.0851,128813,38.136,76.531
12:55:32.840,2583.1051,128814,39.329,77.336
12:55:32.886,2583.1251,128815,40.521,78.084
12:55:32.886,2583.1451,128816,41.75,78.859
12:55:32.897,2583.1651,128817,43.41,79.729
12:55:32.914,2583.1851,128818,44.646,78.253
12:55:32.945,2583.2051,128819,44.734,77.03
12:55:32.961,2583.2251,128820,43.664,77.966
12:55:32.989,2583.2451,128821,43.004,78.898
12:55:33.004,2583.2651,128822,43.102,78.766
12:55:33.020,2583.2851,128823,43.169,78.202
12:55:33.036,2583.3051,128824,43.231,77.994
12:55:33.063,2583.3251,128825,43.098,78.188
12:55:33.079,2583.3451,128826,42.811,78.397
12:55:33.095,2583.3651,128827,42.711,77.674
12:55:33.127,2583.3851,128828,43.19,76.294
12:55:33.138,2583.4051,128829,44.126,77.684
12:55:33.154,2583.4251,128830,44.101,78.374
12:55:33.185,2583.4451,128831,44.011,77.894
12:55:33.202,2583.4651,128832,43.503,75.42
12:55:33.229,2583.4851,128833,42.775,72.731
12:55:33.245,2583.5051,128834,42.345,69.921
12:55:33.261,2583.5251,128835,41.937,66.426
12:55:33.277,2583.5451,128836,41.457,62.678
12:55:33.304,2583.5651,128837,40.879,58.526
12:55:33.320,2583.5851,128838,40.943,54.312
12:55:33.352,2583.6051,128839,42.318,50.448
12:55:33.363,2583.6251,128840,44.817,47.155
12:55:33.379,2583.6451,128841,47.621,44.067
12:55:33.394,2583.6651,128842,49.875,40.784
12:55:33.427,2583.6851,128843,51.058,37.996
12:55:33.443,2583.7051,128844,51.811,35.342
12:55:33.469,2583.7251,128845,52.609,32.207
12:55:33.485,2583.7451,128846,53.283,30.36
12:55:33.501,2583.7651,128847,53.928,29.379
12:55:33.517,2583.7851,128848,54.651,28.526
12:55:33.543,2583.8051,128849,55.219,27.428
12:55:33.591,2583.8251,128850,55.932,26.16
12:55:33.591,2583.8451,128851,56.623,24.847
12:55:33.591,2583.8651,128852,57.22,23.804
12:55:33.618,2583.8851,128853,57.646,23.231
12:55:33.634,2583.9051,128854,57.833,23.301
12:55:33.667,2583.9251,128855,57.972,23.708
12:55:33.726,2583.9451,128856,58.149,24.158
12:55:33.726,2583.9651,128857,58.331,23.97
12:55:33.726,2583.9851,128858,58.612,23.903
12:55:33.742,2584.0051,128859,58.748,23.882
12:55:33.753,2584.0251,128860,58.411,24.571
12:55:33.785,2584.0451,128861,57.422,26.985
12:55:33.831,2584.0651,128862,54.878,30.075
12:55:33.831,2584.0851,128863,50.926,33.813
12:55:33.831,2584.1051,128864,47.031,37.712
12:55:33.863,2584.1251,128865,44.567,39.997
12:55:33.874,2584.1451,128866,42.638,41.005
12:55:33.907,2584.1651,128867,41.507,42.317
12:55:33.949,2584.1851,128868,40.623,43.933
12:55:33.950,2584.2051,128869,39.161,46.677
12:55:33.955,2584.2251,128870,36.494,49.803
12:55:33.981,2584.2451,128871,33.51,51.601
12:55:33.997,2584.2651,128872,31.094,52.256
12:55:34.055,2584.2851,128873,29.73,52.889
12:55:34.055,2584.3051,128874,28.796,53.59
12:55:34.060,2584.3251,128875,28.753,53.353
12:55:34.087,2584.3451,128876,28.063,53.708
12:55:34.098,2584.3651,128877,27.494,54.135
12:55:34.114,2584.3851,128878,27.272,54.702
12:55:34.145,2584.4051,128879,27.449,55.298
12:55:34.173,2584.4251,128880,27.569,56.31
12:55:34.178,2584.4451,128881,27.725,57.848
12:55:34.205,2584.4651,128882,27.767,59.705
12:55:34.221,2584.4851,128883,28.149,61.662
12:55:34.237,2584.5051,128884,28.851,63.57
12:55:34.264,2584.5251,128885,30.174,65.241
12:55:34.296,2584.5451,128886,32.043,66.483
12:55:34.296,2584.5651,128887,34.176,67.849
12:55:34.323,2584.5851,128888,36.274,69.873
12:55:34.339,2584.6051,128889,38.711,71.886
12:55:34.355,2584.6251,128890,40.287,73.271
12:55:34.386,2584.6451,128891,41.173,75.085
12:55:34.413,2584.6651,128892,42.17,76.065
12:55:34.418,2584.6851,128893,42.847,76.712
12:55:34.445,2584.7051,128894,43.038,77.237
12:55:34.461,2584.7251,128895,42.998,77.994
12:55:34.473,2584.7451,128896,42.876,78.624
12:55:34.535,2584.7651,128897,42.863,79.314
12:55:34.535,2584.7851,128898,42.995,79.926
12:55:34.535,2584.8051,128899,43.317,80.18
12:55:34.567,2584.8251,128900,43.878,80.359
12:55:34.578,2584.8451,128901,44.396,80.562
12:55:34.594,2584.8651,128902,44.724,80.787
12:55:34.657,2584.8851,128903,44.876,80.984
12:55:34.657,2584.9051,128904,44.955,81.095
12:55:34.657,2584.9251,128905,45.073,81.22
12:55:34.684,2584.9451,128906,45.325,81.464
12:55:34.700,2584.9651,128907,45.671,81.696
12:55:34.716,2584.9851,128908,46.155,82.098
12:55:34.774,2585.0051,128909,46.777,82.619
12:55:34.774,2585.0251,128910,47.525,83.033
12:55:34.780,2585.0451,128911,48.369,83.339
12:55:34.807,2585.0651,128912,49.183,83.538
12:55:34.823,2585.0851,128913,49.795,83.649
12:55:34.834,2585.1051,128914,50.18,83.78
12:55:34.881,2585.1251,128915,50.462,83.792
12:55:34.881,2585.1451,128916,50.768,83.832
12:55:34.892,2585.1651,128917,51.143,83.901
12:55:34.924,2585.1851,128918,51.664,84.02
12:55:34.940,2585.2051,128919,52.29,84.206
12:55:34.968,2585.2251,128920,52.984,84.363
12:55:35.000,2585.2451,128921,53.759,84.509
12:55:35.000,2585.2651,128922,54.512,84.486
12:55:35.016,2585.2851,128923,55.282,84.296
12:55:35.043,2585.3051,128924,55.883,83.986
12:55:35.075,2585.3251,128925,56.119,84.001
12:55:35.075,2585.3451,128926,56.182,84.097
12:55:35.118,2585.3651,128927,56.32,84.195
12:55:35.124,2585.3851,128928,56.584,83.945
12:55:35.134,2585.4051,128929,56.854,84.022
12:55:35.182,2585.4251,128930,57.187,84.203
12:55:35.182,2585.4451,128931,57.639,84.548
12:55:35.193,2585.4651,128932,58.05,84.878
12:55:35.240,2585.4851,128933,58.415,85.122
12:55:35.240,2585.5051,128934,58.711,85.286
12:55:35.256,2585.5251,128935,58.927,85.475
12:55:35.283,2585.5451,128936,59.058,85.624
12:55:35.299,2585.5651,128937,59.152,85.804
12:55:35.315,2585.5851,128938,59.218,86.005
12:55:35.362,2585.6051,128939,59.223,86.283
12:55:35.363,2585.6251,128940,59.185,86.486
12:55:35.389,2585.6451,128941,59.186,86.759
12:55:35.405,2585.6651,128942,59.206,87.024
12:55:35.421,2585.6851,128943,59.214,87.291
12:55:35.437,2585.7051,128944,59.178,87.537
12:55:35.496,2585.7251,128945,59.126,87.85
12:55:35.496,2585.7451,128946,59.202,88.269
12:55:35.496,2585.7655,128947,59.194,88.329
12:55:35.523,2585.7851,128948,59.228,88.654
12:55:35.539,2585.8051,128949,59.279,88.97
12:55:35.555,2585.8251,128950,59.316,89.223
12:55:35.598,2585.8451,128951,59.373,89.308
12:55:35.603,2585.8651,128952,59.5,89.486
12:55:35.614,2585.8851,128953,59.649,89.59
12:55:35.645,2585.9051,128954,59.809,89.65
12:55:35.661,2585.9251,128955,59.901,89.986
12:55:35.678,2585.9451,128956,60.026,90.332
12:55:35.720,2585.9651,128957,60.096,90.662
12:55:35.720,2585.9851,128958,60.149,90.82
12:55:35.736,2586.0051,128959,60.225,91.083
12:55:35.763,2586.0251,128960,60.293,91.405
12:55:35.779,2586.0451,128961,60.286,91.694
12:55:35.827,2586.0651,128962,60.291,92.058
12:55:35.827,2586.0851,128963,60.283,92.332
12:55:35.838,2586.1051,128964,60.273,92.671
12:55:35.853,2586.1251,128965,60.342,93.132
